run	barcode	sample
20211109_SEQ3_VH_MIDNIGHT_JB_LD	01	7c19a27c938c0d9f
20211109_SEQ3_VH_MIDNIGHT_JB_LD	02	43130ae7a64cacdb
20211109_SEQ3_VH_MIDNIGHT_JB_LD	03	1f8c44e88c2980e7
20211109_SEQ3_VH_MIDNIGHT_JB_LD	04	15cbf61c81896884
20211109_SEQ3_VH_MIDNIGHT_JB_LD	05	cea7364d690385d3
20211109_SEQ3_VH_MIDNIGHT_JB_LD	06	eb80f279998065d0
20211109_SEQ3_VH_MIDNIGHT_JB_LD	07	a9248226c621e63f
20211109_SEQ3_VH_MIDNIGHT_JB_LD	08	aabb02aaf3572c18
20211109_SEQ3_VH_MIDNIGHT_JB_LD	09	f532a4530ba51587
20211109_SEQ3_VH_MIDNIGHT_JB_LD	10	c24ae02a862f3dc4
20211109_SEQ3_VH_MIDNIGHT_JB_LD	11	abe81334ef368de3
20211109_SEQ3_VH_MIDNIGHT_JB_LD	12	3ee672594e81f3be
20211109_SEQ3_VH_MIDNIGHT_JB_LD	13	a8df91347afbd508
20211109_SEQ3_VH_MIDNIGHT_JB_LD	14	3f9af994cae50e8e
20211109_SEQ3_VH_MIDNIGHT_JB_LD	15	b0efb88ff79bfe39
20211109_SEQ3_VH_MIDNIGHT_JB_LD	16	858146f1935a2466
20211109_SEQ3_VH_MIDNIGHT_JB_LD	17	b25d33ef3c77e3fb
20211109_SEQ3_VH_MIDNIGHT_JB_LD	18	1d71e0439edbab0e
20211109_SEQ3_VH_MIDNIGHT_JB_LD	19	b638bfc0e371bec3
20211109_SEQ3_VH_MIDNIGHT_JB_LD	20	c32c5c5524a7ca65
20211109_SEQ3_VH_MIDNIGHT_JB_LD	21	ab48bebae950e182
20211109_SEQ3_VH_MIDNIGHT_JB_LD	22	43007c7ddd97360d
20211109_SEQ3_VH_MIDNIGHT_JB_LD	23	a3886743869e1324
20211109_SEQ3_VH_MIDNIGHT_JB_LD	24	027789ccf9f6ff57
20211109_SEQ3_VH_MIDNIGHT_JB_LD	25	924252cde755ea67
20211109_SEQ3_VH_MIDNIGHT_JB_LD	26	6703546252c16d16
20211109_SEQ3_VH_MIDNIGHT_JB_LD	27	d302d0c987a78c55
20211109_SEQ3_VH_MIDNIGHT_JB_LD	28	c44610183a58e1db
20211109_SEQ3_VH_MIDNIGHT_JB_LD	29	df2a6532c0f9ea37
20211109_SEQ3_VH_MIDNIGHT_JB_LD	30	a5a0d5defefda27f
20211109_SEQ3_VH_MIDNIGHT_JB_LD	31	5b95b2621e185ccb
20211109_SEQ3_VH_MIDNIGHT_JB_LD	32	793d753f94a95d06
20211109_SEQ3_VH_MIDNIGHT_JB_LD	33	c03c9eb43f841ff1
20211109_SEQ3_VH_MIDNIGHT_JB_LD	34	562c51f597020902
20211109_SEQ3_VH_MIDNIGHT_JB_LD	35	773df88e2e8c8412
20211109_SEQ3_VH_MIDNIGHT_JB_LD	36	18d8076ed9e99f27
20211109_SEQ3_VH_MIDNIGHT_JB_LD	37	fe98a2978b3d59df
20211109_SEQ3_VH_MIDNIGHT_JB_LD	38	2420c0d683726c7a
20211109_SEQ3_VH_MIDNIGHT_JB_LD	39	cd7ec355a02b2d6d
20211109_SEQ3_VH_MIDNIGHT_JB_LD	40	5c4354b2fc502b65
20211109_SEQ3_VH_MIDNIGHT_JB_LD	41	0b9a4dce9564e6aa
20211109_SEQ3_VH_MIDNIGHT_JB_LD	42	96bed5260a50b70c
20211109_SEQ3_VH_MIDNIGHT_JB_LD	43	WHO
20211109_SEQ3_VH_MIDNIGHT_JB_LD	44	0044e20800b6891b
20211109_SEQ3_VH_MIDNIGHT_JB_LD	45	NEG1
20211109_SEQ3_VH_MIDNIGHT_JB_LD	46	NEG2
20211109_SEQ3_VH_MIDNIGHT_JB_LD	47	83ed5ea5d1c513b2
20211109_SEQ3_VH_MIDNIGHT_JB_LD	48	859eb00da3327d9c
COVID_SEQ3_ARCTIC1_281021	01	7c19a27c938c0d9f
COVID_SEQ3_ARCTIC1_281021	02	f532a4530ba51587
COVID_SEQ3_ARCTIC1_281021	03	b25d33ef3c77e3fb
COVID_SEQ3_ARCTIC1_281021	04	924252cde755ea67
COVID_SEQ3_ARCTIC1_281021	05	c03c9eb43f841ff1
COVID_SEQ3_ARCTIC1_281021	06	0b9a4dce9564e6aa
COVID_SEQ3_ARCTIC1_281021	13	43130ae7a64cacdb
COVID_SEQ3_ARCTIC1_281021	14	c24ae02a862f3dc4
COVID_SEQ3_ARCTIC1_281021	15	1d71e0439edbab0e
COVID_SEQ3_ARCTIC1_281021	16	6703546252c16d16
COVID_SEQ3_ARCTIC1_281021	17	562c51f597020902
COVID_SEQ3_ARCTIC1_281021	18	96bed5260a50b70c
COVID_SEQ3_ARCTIC1_281021	25	1f8c44e88c2980e7
COVID_SEQ3_ARCTIC1_281021	26	abe81334ef368de3
COVID_SEQ3_ARCTIC1_281021	27	b638bfc0e371bec3
COVID_SEQ3_ARCTIC1_281021	28	d302d0c987a78c55
COVID_SEQ3_ARCTIC1_281021	29	773df88e2e8c8412
COVID_SEQ3_ARCTIC1_281021	30	WHO
COVID_SEQ3_ARCTIC1_281021	37	15cbf61c81896884
COVID_SEQ3_ARCTIC1_281021	38	3ee672594e81f3be
COVID_SEQ3_ARCTIC1_281021	39	c32c5c5524a7ca65
COVID_SEQ3_ARCTIC1_281021	40	c44610183a58e1db
COVID_SEQ3_ARCTIC1_281021	41	18d8076ed9e99f27
COVID_SEQ3_ARCTIC1_281021	42	0044e20800b6891b
COVID_SEQ3_ARCTIC1_281021	49	cea7364d690385d3
COVID_SEQ3_ARCTIC1_281021	50	a8df91347afbd508
COVID_SEQ3_ARCTIC1_281021	51	ab48bebae950e182
COVID_SEQ3_ARCTIC1_281021	52	df2a6532c0f9ea37
COVID_SEQ3_ARCTIC1_281021	53	fe98a2978b3d59df
COVID_SEQ3_ARCTIC1_281021	54	NEG1
COVID_SEQ3_ARCTIC1_281021	61	eb80f279998065d0
COVID_SEQ3_ARCTIC1_281021	62	3f9af994cae50e8e
COVID_SEQ3_ARCTIC1_281021	63	43007c7ddd97360d
COVID_SEQ3_ARCTIC1_281021	64	a5a0d5defefda27f
COVID_SEQ3_ARCTIC1_281021	65	2420c0d683726c7a
COVID_SEQ3_ARCTIC1_281021	66	NEG2
COVID_SEQ3_ARCTIC1_281021	73	a9248226c621e63f
COVID_SEQ3_ARCTIC1_281021	74	b0efb88ff79bfe39
COVID_SEQ3_ARCTIC1_281021	75	a3886743869e1324
COVID_SEQ3_ARCTIC1_281021	76	5b95b2621e185ccb
COVID_SEQ3_ARCTIC1_281021	77	cd7ec355a02b2d6d
COVID_SEQ3_ARCTIC1_281021	78	83ed5ea5d1c513b2
COVID_SEQ3_ARCTIC1_281021	85	aabb02aaf3572c18
COVID_SEQ3_ARCTIC1_281021	86	858146f1935a2466
COVID_SEQ3_ARCTIC1_281021	87	027789ccf9f6ff57
COVID_SEQ3_ARCTIC1_281021	88	793d753f94a95d06
COVID_SEQ3_ARCTIC1_281021	89	5c4354b2fc502b65
COVID_SEQ3_ARCTIC1_281021	90	859eb00da3327d9c
20211110_SEQ3_ARTICV4_JB_LD	01	7c19a27c938c0d9f
20211110_SEQ3_ARTICV4_JB_LD	02	f532a4530ba51587
20211110_SEQ3_ARTICV4_JB_LD	03	b25d33ef3c77e3fb
20211110_SEQ3_ARTICV4_JB_LD	04	924252cde755ea67
20211110_SEQ3_ARTICV4_JB_LD	05	c03c9eb43f841ff1
20211110_SEQ3_ARTICV4_JB_LD	06	0b9a4dce9564e6aa
20211110_SEQ3_ARTICV4_JB_LD	13	43130ae7a64cacdb
20211110_SEQ3_ARTICV4_JB_LD	14	c24ae02a862f3dc4
20211110_SEQ3_ARTICV4_JB_LD	15	1d71e0439edbab0e
20211110_SEQ3_ARTICV4_JB_LD	16	6703546252c16d16
20211110_SEQ3_ARTICV4_JB_LD	17	562c51f597020902
20211110_SEQ3_ARTICV4_JB_LD	18	96bed5260a50b70c
20211110_SEQ3_ARTICV4_JB_LD	25	1f8c44e88c2980e7
20211110_SEQ3_ARTICV4_JB_LD	26	abe81334ef368de3
20211110_SEQ3_ARTICV4_JB_LD	27	b638bfc0e371bec3
20211110_SEQ3_ARTICV4_JB_LD	28	d302d0c987a78c55
20211110_SEQ3_ARTICV4_JB_LD	29	773df88e2e8c8412
20211110_SEQ3_ARTICV4_JB_LD	30	WHO
20211110_SEQ3_ARTICV4_JB_LD	37	15cbf61c81896884
20211110_SEQ3_ARTICV4_JB_LD	38	3ee672594e81f3be
20211110_SEQ3_ARTICV4_JB_LD	39	c32c5c5524a7ca65
20211110_SEQ3_ARTICV4_JB_LD	40	c44610183a58e1db
20211110_SEQ3_ARTICV4_JB_LD	41	18d8076ed9e99f27
20211110_SEQ3_ARTICV4_JB_LD	42	0044e20800b6891b
20211110_SEQ3_ARTICV4_JB_LD	49	cea7364d690385d3
20211110_SEQ3_ARTICV4_JB_LD	50	a8df91347afbd508
20211110_SEQ3_ARTICV4_JB_LD	51	ab48bebae950e182
20211110_SEQ3_ARTICV4_JB_LD	52	df2a6532c0f9ea37
20211110_SEQ3_ARTICV4_JB_LD	53	fe98a2978b3d59df
20211110_SEQ3_ARTICV4_JB_LD	54	NEG1
20211110_SEQ3_ARTICV4_JB_LD	61	eb80f279998065d0
20211110_SEQ3_ARTICV4_JB_LD	62	3f9af994cae50e8e
20211110_SEQ3_ARTICV4_JB_LD	63	43007c7ddd97360d
20211110_SEQ3_ARTICV4_JB_LD	64	a5a0d5defefda27f
20211110_SEQ3_ARTICV4_JB_LD	65	2420c0d683726c7a
20211110_SEQ3_ARTICV4_JB_LD	66	NEG2
20211110_SEQ3_ARTICV4_JB_LD	73	a9248226c621e63f
20211110_SEQ3_ARTICV4_JB_LD	74	b0efb88ff79bfe39
20211110_SEQ3_ARTICV4_JB_LD	75	a3886743869e1324
20211110_SEQ3_ARTICV4_JB_LD	76	5b95b2621e185ccb
20211110_SEQ3_ARTICV4_JB_LD	77	cd7ec355a02b2d6d
20211110_SEQ3_ARTICV4_JB_LD	78	83ed5ea5d1c513b2
20211110_SEQ3_ARTICV4_JB_LD	85	aabb02aaf3572c18
20211110_SEQ3_ARTICV4_JB_LD	86	858146f1935a2466
20211110_SEQ3_ARTICV4_JB_LD	87	027789ccf9f6ff57
20211110_SEQ3_ARTICV4_JB_LD	88	793d753f94a95d06
20211110_SEQ3_ARTICV4_JB_LD	89	5c4354b2fc502b65
20211110_SEQ3_ARTICV4_JB_LD	90	859eb00da3327d9c
20211124_MIDNIGHT_SEQ4_JB_LD	01	1QC
20211124_MIDNIGHT_SEQ4_JB_LD	02	NC
20211124_MIDNIGHT_SEQ4_JB_LD	03	99f42777e5047478
20211124_MIDNIGHT_SEQ4_JB_LD	04	a0b4523b4e30f3fe
20211124_MIDNIGHT_SEQ4_JB_LD	05	688999a3baff0e45
20211124_MIDNIGHT_SEQ4_JB_LD	06	bc7c9f95ed192dd6
20211124_MIDNIGHT_SEQ4_JB_LD	07	44167420dfc6d346
20211124_MIDNIGHT_SEQ4_JB_LD	08	77e9bbbed013a07e
20211124_MIDNIGHT_SEQ4_JB_LD	09	29ff730192903986
20211124_MIDNIGHT_SEQ4_JB_LD	10	58936a2a2972fb4f
20211124_MIDNIGHT_SEQ4_JB_LD	11	fabf597e49a244b8
20211124_MIDNIGHT_SEQ4_JB_LD	12	42b9e86eb7a268b1
20211124_MIDNIGHT_SEQ4_JB_LD	13	03409ddc9f75c396
20211124_MIDNIGHT_SEQ4_JB_LD	14	f26bf2947c81d307
20211124_MIDNIGHT_SEQ4_JB_LD	15	418a77421034314d
20211124_MIDNIGHT_SEQ4_JB_LD	16	efa9524738f7151f
20211124_MIDNIGHT_SEQ4_JB_LD	17	ac926960f4f13bba
20211124_MIDNIGHT_SEQ4_JB_LD	18	54c569736db06ebd
20211124_MIDNIGHT_SEQ4_JB_LD	19	25c870014eec7a15
20211124_MIDNIGHT_SEQ4_JB_LD	20	57756b8c8b6bc594
20211124_MIDNIGHT_SEQ4_JB_LD	21	5098b39242b158ac
20211124_MIDNIGHT_SEQ4_JB_LD	22	e565ef8c0f39f739
20211124_MIDNIGHT_SEQ4_JB_LD	23	5f6c2470006e581b
20211124_MIDNIGHT_SEQ4_JB_LD	24	d2ca04aa8a28b7e0
20211124_MIDNIGHT_SEQ4_JB_LD	25	a8c98dc241bc6cc6
20211124_MIDNIGHT_SEQ4_JB_LD	26	755362a5a533a0de
20211124_MIDNIGHT_SEQ4_JB_LD	27	49e2b7917d22b2f7
20211124_MIDNIGHT_SEQ4_JB_LD	28	be2761fe258b19e4
20211124_MIDNIGHT_SEQ4_JB_LD	29	6879b9d5dc96ff90
20211124_MIDNIGHT_SEQ4_JB_LD	30	a5d39da57716d742
20211124_MIDNIGHT_SEQ4_JB_LD	31	c20b32e534045905
20211124_MIDNIGHT_SEQ4_JB_LD	32	20b475c9f5350762
20211124_MIDNIGHT_SEQ4_JB_LD	33	921d55724ca853d8
20211124_MIDNIGHT_SEQ4_JB_LD	34	c5e0c73f69899237
20211124_MIDNIGHT_SEQ4_JB_LD	35	84629f48884e9628
20211124_MIDNIGHT_SEQ4_JB_LD	36	e6a6b02b19fb134e
20211124_MIDNIGHT_SEQ4_JB_LD	37	03248a6e6bf69e5f
20211124_MIDNIGHT_SEQ4_JB_LD	38	167e04013f972239
20211124_MIDNIGHT_SEQ4_JB_LD	39	bdcb23c0f25ccccd
20211124_MIDNIGHT_SEQ4_JB_LD	40	6a713cb97ed88129
20211124_MIDNIGHT_SEQ4_JB_LD	41	4e666ff1072530cb
20211124_MIDNIGHT_SEQ4_JB_LD	42	3b4a7b54f1841b01
20211124_MIDNIGHT_SEQ4_JB_LD	43	06e4d40ee20cda6c
20211124_MIDNIGHT_SEQ4_JB_LD	44	a794e4af9bb50554
20211124_MIDNIGHT_SEQ4_JB_LD	45	c5bd388dc622cf0c
20211124_MIDNIGHT_SEQ4_JB_LD	46	0d877a9f97689f4b
20211124_MIDNIGHT_SEQ4_JB_LD	47	be6dba4aa94fe8c1
20211124_MIDNIGHT_SEQ4_JB_LD	48	c7d35d2e7b957157
20211124_MIDNIGHT_SEQ4_JB_LD	49	d7bb52226e2774fc
20211124_MIDNIGHT_SEQ4_JB_LD	50	e9972ba79b191491
20211124_MIDNIGHT_SEQ4_JB_LD	51	3c349d95005dd98a
20211124_MIDNIGHT_SEQ4_JB_LD	52	45d6208edd0b02a5
20211124_MIDNIGHT_SEQ4_JB_LD	53	22cbba4a77820864
20211124_MIDNIGHT_SEQ4_JB_LD	54	b263ea771522c402
20211124_MIDNIGHT_SEQ4_JB_LD	55	1834c1232e83fe93
20211124_MIDNIGHT_SEQ4_JB_LD	56	5741e6a8749f1661
20211124_MIDNIGHT_SEQ4_JB_LD	57	a3aa1e902486cb82
20211124_MIDNIGHT_SEQ4_JB_LD	58	dbcee42bc891946e
20211124_MIDNIGHT_SEQ4_JB_LD	59	511196c0992d0cc5
20211124_MIDNIGHT_SEQ4_JB_LD	60	f03b7cd49848be0a
20211124_MIDNIGHT_SEQ4_JB_LD	61	1e4f8503f2b3a7a0
20211124_MIDNIGHT_SEQ4_JB_LD	62	69b1a7d5caaa54d0
20211124_MIDNIGHT_SEQ4_JB_LD	63	7f1cbd7b6ad0a950
20211124_MIDNIGHT_SEQ4_JB_LD	64	ba25ba6a79c3eb7c
20211124_MIDNIGHT_SEQ4_JB_LD	65	2a406b19f0db2578
20211124_MIDNIGHT_SEQ4_JB_LD	66	59b76e3d15fd72ed
20211124_MIDNIGHT_SEQ4_JB_LD	67	0208f03bbec97b65
20211124_MIDNIGHT_SEQ4_JB_LD	68	5d3505bfbf5c196e
20211124_MIDNIGHT_SEQ4_JB_LD	69	8b8a2295dbc9268a
20211124_MIDNIGHT_SEQ4_JB_LD	70	c524ee5e77351c82
20211124_MIDNIGHT_SEQ4_JB_LD	71	2a088fd234ab9c65
20211124_MIDNIGHT_SEQ4_JB_LD	72	15fc6244e617ff1c
20211124_MIDNIGHT_SEQ4_JB_LD	73	792b80afabd3f24d
20211124_MIDNIGHT_SEQ4_JB_LD	74	acc9f3b99efbaacf
20211124_MIDNIGHT_SEQ4_JB_LD	75	6a955745cb7233b7
20211124_MIDNIGHT_SEQ4_JB_LD	76	5a2ba8d0da849748
20211124_MIDNIGHT_SEQ4_JB_LD	77	287f5c97cf29379a
20211124_MIDNIGHT_SEQ4_JB_LD	78	76edbc33f6eaca2e
20211124_MIDNIGHT_SEQ4_JB_LD	79	0153d753356468cb
20211124_MIDNIGHT_SEQ4_JB_LD	80	f238a1c2a1ff5bf6
20211124_MIDNIGHT_SEQ4_JB_LD	81	9698a6cdc25cf0f5
20211124_MIDNIGHT_SEQ4_JB_LD	82	8295a80c92794545
20211124_MIDNIGHT_SEQ4_JB_LD	83	dfdc590f52a2bcb6
20211124_MIDNIGHT_SEQ4_JB_LD	84	1b3a8dfb8648b8bc
20211124_MIDNIGHT_SEQ4_JB_LD	85	4accd6ec7cf4c036
20211124_MIDNIGHT_SEQ4_JB_LD	86	828d36b33979def6
20211124_MIDNIGHT_SEQ4_JB_LD	87	50bd607f0981ce81
20211124_MIDNIGHT_SEQ4_JB_LD	88	4da5f22c6a33df72
20211124_MIDNIGHT_SEQ4_JB_LD	89	08c3e58e0afb5f6e
20211124_MIDNIGHT_SEQ4_JB_LD	90	631fe918a79006e4
20211124_MIDNIGHT_SEQ4_JB_LD	91	2501f7c3226bfbe1
20211124_MIDNIGHT_SEQ4_JB_LD	92	f0e9d99a7ded21c1
20211124_MIDNIGHT_SEQ4_JB_LD	93	WHO
20211124_MIDNIGHT_SEQ4_JB_LD	94	NEG
20211124_MIDNIGHT_SEQ4_JB_LD	95	
20211124_MIDNIGHT_SEQ4_JB_LD	96	
SEQ_4_ARTIC_221121	01	NC
SEQ_4_ARTIC_221121	02	29ff730192903986
SEQ_4_ARTIC_221121	03	ac926960f4f13bba
SEQ_4_ARTIC_221121	04	a8c98dc241bc6cc6
SEQ_4_ARTIC_221121	05	921d55724ca853d8
SEQ_4_ARTIC_221121	06	4e666ff1072530cb
SEQ_4_ARTIC_221121	07	d7bb52226e2774fc
SEQ_4_ARTIC_221121	08	a3aa1e902486cb82
SEQ_4_ARTIC_221121	09	2a406b19f0db2578
SEQ_4_ARTIC_221121	10	792b80afabd3f24d
SEQ_4_ARTIC_221121	11	9698a6cdc25cf0f5
SEQ_4_ARTIC_221121	12	08c3e58e0afb5f6e
SEQ_4_ARTIC_221121	13	IQC
SEQ_4_ARTIC_221121	14	58936a2a2972fb4f
SEQ_4_ARTIC_221121	15	54c569736db06ebd
SEQ_4_ARTIC_221121	16	755362a5a533a0de
SEQ_4_ARTIC_221121	17	c5e0c73f69899237
SEQ_4_ARTIC_221121	18	3b4a7b54f1841b01
SEQ_4_ARTIC_221121	19	e9972ba79b191491
SEQ_4_ARTIC_221121	20	dbcee42bc891946e
SEQ_4_ARTIC_221121	21	59b76e3d15fd72ed
SEQ_4_ARTIC_221121	22	acc9f3b99efbaacf
SEQ_4_ARTIC_221121	23	8295a80c92794545
SEQ_4_ARTIC_221121	24	631fe918a79006e4
SEQ_4_ARTIC_221121	25	99f42777e5047478
SEQ_4_ARTIC_221121	26	fabf597e49a244b8
SEQ_4_ARTIC_221121	27	25c870014eec7a15
SEQ_4_ARTIC_221121	28	49e2b7917d22b2f7
SEQ_4_ARTIC_221121	29	84629f48884e9628
SEQ_4_ARTIC_221121	30	06e4d40ee20cda6c
SEQ_4_ARTIC_221121	31	3c349d95005dd98a
SEQ_4_ARTIC_221121	32	511196c0992d0cc5
SEQ_4_ARTIC_221121	33	0208f03bbec97b65
SEQ_4_ARTIC_221121	34	6a955745cb7233b7
SEQ_4_ARTIC_221121	35	dfdc590f52a2bcb6
SEQ_4_ARTIC_221121	36	2501f7c3226bfbe1
SEQ_4_ARTIC_221121	37	a0b4523b4e30f3fe
SEQ_4_ARTIC_221121	38	42b9e86eb7a268b1
SEQ_4_ARTIC_221121	39	57756b8c8b6bc594
SEQ_4_ARTIC_221121	40	be2761fe258b19e4
SEQ_4_ARTIC_221121	41	e6a6b02b19fb134e
SEQ_4_ARTIC_221121	42	a794e4af9bb50554
SEQ_4_ARTIC_221121	43	45d6208edd0b02a5
SEQ_4_ARTIC_221121	44	f03b7cd49848be0a
SEQ_4_ARTIC_221121	45	5d3505bfbf5c196e
SEQ_4_ARTIC_221121	46	5a2ba8d0da849748
SEQ_4_ARTIC_221121	47	1b3a8dfb8648b8bc
SEQ_4_ARTIC_221121	48	f0e9d99a7ded21c1
SEQ_4_ARTIC_221121	49	688999a3baff0e45
SEQ_4_ARTIC_221121	50	03409ddc9f75c396
SEQ_4_ARTIC_221121	51	5098b39242b158ac
SEQ_4_ARTIC_221121	52	6879b9d5dc96ff90
SEQ_4_ARTIC_221121	53	03248a6e6bf69e5f
SEQ_4_ARTIC_221121	54	c5bd388dc622cf0c
SEQ_4_ARTIC_221121	55	22cbba4a77820864
SEQ_4_ARTIC_221121	56	1e4f8503f2b3a7a0
SEQ_4_ARTIC_221121	57	8b8a2295dbc9268a
SEQ_4_ARTIC_221121	58	287f5c97cf29379a
SEQ_4_ARTIC_221121	59	4accd6ec7cf4c036
SEQ_4_ARTIC_221121	60	WHO
SEQ_4_ARTIC_221121	61	bc7c9f95ed192dd6
SEQ_4_ARTIC_221121	62	f26bf2947c81d307
SEQ_4_ARTIC_221121	63	e565ef8c0f39f739
SEQ_4_ARTIC_221121	64	a5d39da57716d742
SEQ_4_ARTIC_221121	65	167e04013f972239
SEQ_4_ARTIC_221121	66	0d877a9f97689f4b
SEQ_4_ARTIC_221121	67	b263ea771522c402
SEQ_4_ARTIC_221121	68	69b1a7d5caaa54d0
SEQ_4_ARTIC_221121	69	c524ee5e77351c82
SEQ_4_ARTIC_221121	70	76edbc33f6eaca2e
SEQ_4_ARTIC_221121	71	828d36b33979def6
SEQ_4_ARTIC_221121	72	NEG
SEQ_4_ARTIC_221121	73	44167420dfc6d346
SEQ_4_ARTIC_221121	74	418a77421034314d
SEQ_4_ARTIC_221121	75	5f6c2470006e581b
SEQ_4_ARTIC_221121	76	c20b32e534045905
SEQ_4_ARTIC_221121	77	bdcb23c0f25ccccd
SEQ_4_ARTIC_221121	78	be6dba4aa94fe8c1
SEQ_4_ARTIC_221121	79	1834c1232e83fe93
SEQ_4_ARTIC_221121	80	7f1cbd7b6ad0a950
SEQ_4_ARTIC_221121	81	2a088fd234ab9c65
SEQ_4_ARTIC_221121	82	0153d753356468cb
SEQ_4_ARTIC_221121	83	50bd607f0981ce81
SEQ_4_ARTIC_221121	84	PC
SEQ_4_ARTIC_221121	85	77e9bbbed013a07e
SEQ_4_ARTIC_221121	86	efa9524738f7151f
SEQ_4_ARTIC_221121	87	d2ca04aa8a28b7e0
SEQ_4_ARTIC_221121	88	20b475c9f5350762
SEQ_4_ARTIC_221121	89	6a713cb97ed88129
SEQ_4_ARTIC_221121	90	c7d35d2e7b957157
SEQ_4_ARTIC_221121	91	5741e6a8749f1661
SEQ_4_ARTIC_221121	92	ba25ba6a79c3eb7c
SEQ_4_ARTIC_221121	93	15fc6244e617ff1c
SEQ_4_ARTIC_221121	94	f238a1c2a1ff5bf6
SEQ_4_ARTIC_221121	95	4da5f22c6a33df72
SEQ_4_ARTIC_221121	96	PC2
SEQ_5_MID_2_PT_2	01	NC
SEQ_5_MID_2_PT_2	02	IQC
SEQ_5_MID_2_PT_2	03	44187d63465ef40c
SEQ_5_MID_2_PT_2	04	d302d0c987a78c55
SEQ_5_MID_2_PT_2	05	b2c520e919f3053a
SEQ_5_MID_2_PT_2	06	47c5c8eb2bed0a20
SEQ_5_MID_2_PT_2	07	3aeacdc4fc20f21b
SEQ_5_MID_2_PT_2	08	1447d24fbabd00cc
SEQ_5_MID_2_PT_2	09	2e04a71f72ff787e
SEQ_5_MID_2_PT_2	10	cf9f75221f0eb662
SEQ_5_MID_2_PT_2	11	7b14592ba87cd5d7
SEQ_5_MID_2_PT_2	12	587e4b0d7e300b6d
SEQ_5_MID_2_PT_2	13	86b539105468ff07
SEQ_5_MID_2_PT_2	14	c54747234cb8fb8c
SEQ_5_MID_2_PT_2	15	e040402c14a7f992
SEQ_5_MID_2_PT_2	16	e0f2e5111bc0b4fd
SEQ_5_MID_2_PT_2	17	82f53c53916f63ba
SEQ_5_MID_2_PT_2	18	de887d59f7d18f4e
SEQ_5_MID_2_PT_2	19	2e40271d68326e01
SEQ_5_MID_2_PT_2	20	dd9ce5af6913aa5d
SEQ_5_MID_2_PT_2	21	3794083405526170
SEQ_5_MID_2_PT_2	22	10a50df27ee59357
SEQ_5_MID_2_PT_2	23	399e90c4ee4faef4
SEQ_5_MID_2_PT_2	24	de5c2d1e2c4ef297
SEQ_5_MID_2_PT_2	25	64d2c0aad8b54fa2
SEQ_5_MID_2_PT_2	26	80ecf7d4886756a4
SEQ_5_MID_2_PT_2	27	adee945dbb55a0c0
SEQ_5_MID_2_PT_2	28	b1da6318c02e644d
SEQ_5_MID_2_PT_2	29	b6c2689d4e3d001d
SEQ_5_MID_2_PT_2	30	79ed29f704a7dbb7
SEQ_5_MID_2_PT_2	31	772ce33420e5fee7
SEQ_5_MID_2_PT_2	32	b965d5b91b0c9ac0
SEQ_5_MID_2_PT_2	33	0ae622903ddb5e5e
SEQ_5_MID_2_PT_2	34	97639925c6753cab
SEQ_5_MID_2_PT_2	35	bc13c8bf6f0f8a90
SEQ_5_MID_2_PT_2	36	121c84f23317a1d0
SEQ_5_MID_2_PT_2	37	a395b44ab97f0814
SEQ_5_MID_2_PT_2	38	b98e287baa7b119d
SEQ_5_MID_2_PT_2	39	4b5077a14fec1617
SEQ_5_MID_2_PT_2	40	116b30bdbbbdff5b
SEQ_5_MID_2_PT_2	41	7fca10cf990654ec
SEQ_5_MID_2_PT_2	42	98dea6f8eeaab24f
SEQ_5_MID_2_PT_2	43	c2142a544f2c2ae5
SEQ_5_MID_2_PT_2	44	813020339459bf7f
SEQ_5_MID_2_PT_2	45	9e6a5d4d1f1691e7
SEQ_5_MID_2_PT_2	46	786a7098f8cf7d80
SEQ_5_MID_2_PT_2	47	4374568cf3255179
SEQ_5_MID_2_PT_2	48	9d51c3cc0f0cb0be
SEQ_5_MID_2_PT_2	49	ae2723c1365a9c29
SEQ_5_MID_2_PT_2	50	8ab9a84ad38f0abe
SEQ_5_MID_2_PT_2	51	2e4cf85df16a15c4
SEQ_5_MID_2_PT_2	52	31d35d64403441a6
SEQ_5_MID_2_PT_2	53	b63a3fdf9659b1f0
SEQ_5_MID_2_PT_2	54	1ef2ba1dbb64a7f7
SEQ_5_MID_2_PT_2	55	c296ae479cf424c7
SEQ_5_MID_2_PT_2	56	03dd26f4d0bb89ad
SEQ_5_MID_2_PT_2	57	19304cb5a7966ed2
SEQ_5_MID_2_PT_2	58	9fb2f9b68fc72792
SEQ_5_MID_2_PT_2	59	0025ccc2239d64a3
SEQ_5_MID_2_PT_2	60	612c2a00352c659d
SEQ_5_MID_2_PT_2	61	a9156ddeae514774
SEQ_5_MID_2_PT_2	62	c8eb1ffc5638cf0a
SEQ_5_MID_2_PT_2	63	fa367e36f735d083
SEQ_5_MID_2_PT_2	64	bff205e8ef844046
SEQ_5_MID_2_PT_2	65	7b076f816bccb116
SEQ_5_MID_2_PT_2	66	52c3500d275d8f7f
SEQ_5_MID_2_PT_2	67	9cdfeec893a70a7f
SEQ_5_MID_2_PT_2	68	57d9fd2c5f55506f
SEQ_5_MID_2_PT_2	69	fd9f1db8ea56e786
SEQ_5_MID_2_PT_2	70	5561b36fe2e601d4
SEQ_5_MID_2_PT_2	71	12fbfbd60a5ebc83
SEQ_5_MID_2_PT_2	72	4e214ad7e8b19f8d
SEQ_5_MID_2_PT_2	73	8cd21a01e3c7cec8
SEQ_5_MID_2_PT_2	74	425200b4b9462c12
SEQ_5_MID_2_PT_2	75	11179271d3a3a0f6
SEQ_5_MID_2_PT_2	76	41697a6ec86c8645
SEQ_5_MID_2_PT_2	77	a3ed88887dfd4b67
SEQ_5_MID_2_PT_2	78	360855a4cb989020
SEQ_5_MID_2_PT_2	79	3b071da4ac08cf42
SEQ_5_MID_2_PT_2	80	e943be301aba31b4
SEQ_5_MID_2_PT_2	81	69f8a3c921d61299
SEQ_5_MID_2_PT_2	82	6894daaf8fbbacba
SEQ_5_MID_2_PT_2	83	b2c84f139580b295
SEQ_5_MID_2_PT_2	84	a9e238f12c86cc3e
SEQ_5_MID_2_PT_2	85	71a8a1134931deb2
SEQ_5_MID_2_PT_2	86	1bee8224d663e34a
SEQ_5_MID_2_PT_2	87	24c8cb34cd49619b
SEQ_5_MID_2_PT_2	88	22eeafc425ce29fb
SEQ_5_MID_2_PT_2	89	86f1cff42a81ffe5
SEQ_5_MID_2_PT_2	90	42e142f0b54e657a
SEQ_5_MID_2_PT_2	91	00f1262157d6dadd
SEQ_5_MID_2_PT_2	92	b8b546308ea136c7
SEQ_5_MID_2_PT_2	93	WHO
SEQ_5_MID_2_PT_2	94	NEG
SEQ_5_MID_2_PT_2	95	PC
SEQ_5_MID_2_PT_2	96	PC2
SEQ_5_ARTIC_2_221121	01	NC
SEQ_5_ARTIC_2_221121	02	2e04a71f72ff787e
SEQ_5_ARTIC_2_221121	03	82f53c53916f63ba
SEQ_5_ARTIC_2_221121	04	64d2c0aad8b54fa2
SEQ_5_ARTIC_2_221121	05	0ae622903ddb5e5e
SEQ_5_ARTIC_2_221121	06	7fca10cf990654ec
SEQ_5_ARTIC_2_221121	07	ae2723c1365a9c29
SEQ_5_ARTIC_2_221121	08	19304cb5a7966ed2
SEQ_5_ARTIC_2_221121	09	7b076f816bccb116
SEQ_5_ARTIC_2_221121	10	8cd21a01e3c7cec8
SEQ_5_ARTIC_2_221121	11	69f8a3c921d61299
SEQ_5_ARTIC_2_221121	12	86f1cff42a81ffe5
SEQ_5_ARTIC_2_221121	13	IQC
SEQ_5_ARTIC_2_221121	14	cf9f75221f0eb662
SEQ_5_ARTIC_2_221121	15	de887d59f7d18f4e
SEQ_5_ARTIC_2_221121	16	80ecf7d4886756a4
SEQ_5_ARTIC_2_221121	17	97639925c6753cab
SEQ_5_ARTIC_2_221121	18	98dea6f8eeaab24f
SEQ_5_ARTIC_2_221121	19	8ab9a84ad38f0abe
SEQ_5_ARTIC_2_221121	20	9fb2f9b68fc72792
SEQ_5_ARTIC_2_221121	21	52c3500d275d8f7f
SEQ_5_ARTIC_2_221121	22	425200b4b9462c12
SEQ_5_ARTIC_2_221121	23	6894daaf8fbbacba
SEQ_5_ARTIC_2_221121	24	42e142f0b54e657a
SEQ_5_ARTIC_2_221121	25	44187d63465ef40c
SEQ_5_ARTIC_2_221121	26	7b14592ba87cd5d7
SEQ_5_ARTIC_2_221121	27	2e40271d68326e01
SEQ_5_ARTIC_2_221121	28	adee945dbb55a0c0
SEQ_5_ARTIC_2_221121	29	bc13c8bf6f0f8a90
SEQ_5_ARTIC_2_221121	30	c2142a544f2c2ae5
SEQ_5_ARTIC_2_221121	31	2e4cf85df16a15c4
SEQ_5_ARTIC_2_221121	32	0025ccc2239d64a3
SEQ_5_ARTIC_2_221121	33	9cdfeec893a70a7f
SEQ_5_ARTIC_2_221121	34	11179271d3a3a0f6
SEQ_5_ARTIC_2_221121	35	b2c84f139580b295
SEQ_5_ARTIC_2_221121	36	00f1262157d6dadd
SEQ_5_ARTIC_2_221121	37	d302d0c987a78c55
SEQ_5_ARTIC_2_221121	38	587e4b0d7e300b6d
SEQ_5_ARTIC_2_221121	39	dd9ce5af6913aa5d
SEQ_5_ARTIC_2_221121	40	b1da6318c02e644d
SEQ_5_ARTIC_2_221121	41	121c84f23317a1d0
SEQ_5_ARTIC_2_221121	42	813020339459bf7f
SEQ_5_ARTIC_2_221121	43	31d35d64403441a6
SEQ_5_ARTIC_2_221121	44	612c2a00352c659d
SEQ_5_ARTIC_2_221121	45	57d9fd2c5f55506f
SEQ_5_ARTIC_2_221121	46	41697a6ec86c8645
SEQ_5_ARTIC_2_221121	47	a9e238f12c86cc3e
SEQ_5_ARTIC_2_221121	48	b8b546308ea136c7
SEQ_5_ARTIC_2_221121	49	b2c520e919f3053a
SEQ_5_ARTIC_2_221121	50	86b539105468ff07
SEQ_5_ARTIC_2_221121	51	3794083405526170
SEQ_5_ARTIC_2_221121	52	b6c2689d4e3d001d
SEQ_5_ARTIC_2_221121	53	a395b44ab97f0814
SEQ_5_ARTIC_2_221121	54	9e6a5d4d1f1691e7
SEQ_5_ARTIC_2_221121	55	b63a3fdf9659b1f0
SEQ_5_ARTIC_2_221121	56	a9156ddeae514774
SEQ_5_ARTIC_2_221121	57	fd9f1db8ea56e786
SEQ_5_ARTIC_2_221121	58	a3ed88887dfd4b67
SEQ_5_ARTIC_2_221121	59	71a8a1134931deb2
SEQ_5_ARTIC_2_221121	60	WHO
SEQ_5_ARTIC_2_221121	61	47c5c8eb2bed0a20
SEQ_5_ARTIC_2_221121	62	c54747234cb8fb8c
SEQ_5_ARTIC_2_221121	63	10a50df27ee59357
SEQ_5_ARTIC_2_221121	64	79ed29f704a7dbb7
SEQ_5_ARTIC_2_221121	65	b98e287baa7b119d
SEQ_5_ARTIC_2_221121	66	786a7098f8cf7d80
SEQ_5_ARTIC_2_221121	67	1ef2ba1dbb64a7f7
SEQ_5_ARTIC_2_221121	68	c8eb1ffc5638cf0a
SEQ_5_ARTIC_2_221121	69	5561b36fe2e601d4
SEQ_5_ARTIC_2_221121	70	360855a4cb989020
SEQ_5_ARTIC_2_221121	71	1bee8224d663e34a
SEQ_5_ARTIC_2_221121	72	NEG
SEQ_5_ARTIC_2_221121	73	3aeacdc4fc20f21b
SEQ_5_ARTIC_2_221121	74	e040402c14a7f992
SEQ_5_ARTIC_2_221121	75	399e90c4ee4faef4
SEQ_5_ARTIC_2_221121	76	772ce33420e5fee7
SEQ_5_ARTIC_2_221121	77	4b5077a14fec1617
SEQ_5_ARTIC_2_221121	78	4374568cf3255179
SEQ_5_ARTIC_2_221121	79	c296ae479cf424c7
SEQ_5_ARTIC_2_221121	80	fa367e36f735d083
SEQ_5_ARTIC_2_221121	81	12fbfbd60a5ebc83
SEQ_5_ARTIC_2_221121	82	3b071da4ac08cf42
SEQ_5_ARTIC_2_221121	83	24c8cb34cd49619b
SEQ_5_ARTIC_2_221121	84	PC
SEQ_5_ARTIC_2_221121	85	1447d24fbabd00cc
SEQ_5_ARTIC_2_221121	86	e0f2e5111bc0b4fd
SEQ_5_ARTIC_2_221121	87	de5c2d1e2c4ef297
SEQ_5_ARTIC_2_221121	88	b965d5b91b0c9ac0
SEQ_5_ARTIC_2_221121	89	116b30bdbbbdff5b
SEQ_5_ARTIC_2_221121	90	9d51c3cc0f0cb0be
SEQ_5_ARTIC_2_221121	91	03dd26f4d0bb89ad
SEQ_5_ARTIC_2_221121	92	bff205e8ef844046
SEQ_5_ARTIC_2_221121	93	4e214ad7e8b19f8d
SEQ_5_ARTIC_2_221121	94	e943be301aba31b4
SEQ_5_ARTIC_2_221121	95	22eeafc425ce29fb
SEQ_5_ARTIC_2_221121	96	PC2
SEQ6_MIDNIGHT_OLD_211214_JGJB	01	
SEQ6_MIDNIGHT_OLD_211214_JGJB	09	8a521f6f326937da
SEQ6_MIDNIGHT_OLD_211214_JGJB	17	393cbb07b1663dc0
SEQ6_MIDNIGHT_OLD_211214_JGJB	25	bba172ce7f083069
SEQ6_MIDNIGHT_OLD_211214_JGJB	33	7ef8f87a7cd602f4
SEQ6_MIDNIGHT_OLD_211214_JGJB	41	2ba34320e6a904c3
SEQ6_MIDNIGHT_OLD_211214_JGJB	49	0cfb753561f2dca3
SEQ6_MIDNIGHT_OLD_211214_JGJB	57	2609f287065e6221
SEQ6_MIDNIGHT_OLD_211214_JGJB	65	e5006092451e9e99
SEQ6_MIDNIGHT_OLD_211214_JGJB	73	72cbeb4f37a16375
SEQ6_MIDNIGHT_OLD_211214_JGJB	81	
SEQ6_MIDNIGHT_OLD_211214_JGJB	89	B.1.525-CCL81|P2D2
SEQ6_MIDNIGHT_OLD_211214_JGJB	02	
SEQ6_MIDNIGHT_OLD_211214_JGJB	10	182f63d231a3a1bf
SEQ6_MIDNIGHT_OLD_211214_JGJB	18	ecd348488356db1e
SEQ6_MIDNIGHT_OLD_211214_JGJB	26	cdc9e9479983953f
SEQ6_MIDNIGHT_OLD_211214_JGJB	34	f1c075c8bc61e36b
SEQ6_MIDNIGHT_OLD_211214_JGJB	42	a4734ca896248b17
SEQ6_MIDNIGHT_OLD_211214_JGJB	50	4b7c77df2ea779a7
SEQ6_MIDNIGHT_OLD_211214_JGJB	58	2fc51ca98a5ac03d
SEQ6_MIDNIGHT_OLD_211214_JGJB	66	ca0822ad84962515
SEQ6_MIDNIGHT_OLD_211214_JGJB	74	92b79c4cd36b026b
SEQ6_MIDNIGHT_OLD_211214_JGJB	82	Wuhan-CCL81
SEQ6_MIDNIGHT_OLD_211214_JGJB	90	Bristol-CCL81|P3D2
SEQ6_MIDNIGHT_OLD_211214_JGJB	03	3a2fd017b7137653
SEQ6_MIDNIGHT_OLD_211214_JGJB	11	396cb14054d9c0f3
SEQ6_MIDNIGHT_OLD_211214_JGJB	19	b6b69d6bdf2f74bb
SEQ6_MIDNIGHT_OLD_211214_JGJB	27	37d8057ed69a83e3
SEQ6_MIDNIGHT_OLD_211214_JGJB	35	a48539abdd0b42f1
SEQ6_MIDNIGHT_OLD_211214_JGJB	43	f5da5a14105d415b
SEQ6_MIDNIGHT_OLD_211214_JGJB	51	4ee340f4fa68c616
SEQ6_MIDNIGHT_OLD_211214_JGJB	59	009a3aaa7a0a56ad
SEQ6_MIDNIGHT_OLD_211214_JGJB	67	1f580fa0ae82d42a
SEQ6_MIDNIGHT_OLD_211214_JGJB	75	15cbf61c81896884
SEQ6_MIDNIGHT_OLD_211214_JGJB	83	Victoria-CCL81|P6D2
SEQ6_MIDNIGHT_OLD_211214_JGJB	91	B.1.214.2-CCL81|P3D2
SEQ6_MIDNIGHT_OLD_211214_JGJB	04	6119f06bede8b8be
SEQ6_MIDNIGHT_OLD_211214_JGJB	12	3c6259c0ffba4f04
SEQ6_MIDNIGHT_OLD_211214_JGJB	20	dc970558f1300f32
SEQ6_MIDNIGHT_OLD_211214_JGJB	28	ee3417c03a337034
SEQ6_MIDNIGHT_OLD_211214_JGJB	36	773db6a4564d5d7b
SEQ6_MIDNIGHT_OLD_211214_JGJB	44	d3debc0f30b75f50
SEQ6_MIDNIGHT_OLD_211214_JGJB	52	01aec1670f3364b6
SEQ6_MIDNIGHT_OLD_211214_JGJB	60	f6247b94e6dbbaee
SEQ6_MIDNIGHT_OLD_211214_JGJB	68	f76a17c6ceb299ee
SEQ6_MIDNIGHT_OLD_211214_JGJB	76	51ff9752d75817b6
SEQ6_MIDNIGHT_OLD_211214_JGJB	84	D6146-CCL81|P3D2
SEQ6_MIDNIGHT_OLD_211214_JGJB	92	B.1.617.2-A222V-CCL89|P3D2
SEQ6_MIDNIGHT_OLD_211214_JGJB	05	666b780c76d463e7
SEQ6_MIDNIGHT_OLD_211214_JGJB	13	e610375eb91980c3
SEQ6_MIDNIGHT_OLD_211214_JGJB	21	846b7fcd57b5a6e2
SEQ6_MIDNIGHT_OLD_211214_JGJB	29	b10bfaca6f60cbe8
SEQ6_MIDNIGHT_OLD_211214_JGJB	37	33ed61f32b15ab2b
SEQ6_MIDNIGHT_OLD_211214_JGJB	45	e0c044286c6bcef1
SEQ6_MIDNIGHT_OLD_211214_JGJB	53	bdda876a735fd280
SEQ6_MIDNIGHT_OLD_211214_JGJB	61	fcd834af2f53c140
SEQ6_MIDNIGHT_OLD_211214_JGJB	69	187e537ef843139a
SEQ6_MIDNIGHT_OLD_211214_JGJB	77	204f88d9ba2e3fe7
SEQ6_MIDNIGHT_OLD_211214_JGJB	85	Alpha-CCL81|P3D2
SEQ6_MIDNIGHT_OLD_211214_JGJB	93	NEG
SEQ6_MIDNIGHT_OLD_211214_JGJB	06	b86299406728ffc1
SEQ6_MIDNIGHT_OLD_211214_JGJB	14	66e85807a4680923
SEQ6_MIDNIGHT_OLD_211214_JGJB	22	cc60fcba20cea963
SEQ6_MIDNIGHT_OLD_211214_JGJB	30	4919994dd63a6db7
SEQ6_MIDNIGHT_OLD_211214_JGJB	38	fb080e620e8c1194
SEQ6_MIDNIGHT_OLD_211214_JGJB	46	2a509be37d45cc2b
SEQ6_MIDNIGHT_OLD_211214_JGJB	54	c31a88b38d640ffd
SEQ6_MIDNIGHT_OLD_211214_JGJB	62	398e6c0a5557e76d
SEQ6_MIDNIGHT_OLD_211214_JGJB	70	b5b2b08d6bee4b9c
SEQ6_MIDNIGHT_OLD_211214_JGJB	78	1f787f7b224c64ca
SEQ6_MIDNIGHT_OLD_211214_JGJB	86	Beta-CCL81|P4-2D2
SEQ6_MIDNIGHT_OLD_211214_JGJB	94	POS
SEQ6_MIDNIGHT_OLD_211214_JGJB	07	10263e540345bfbb
SEQ6_MIDNIGHT_OLD_211214_JGJB	15	1357aeecade5f126
SEQ6_MIDNIGHT_OLD_211214_JGJB	23	10d35ed880c92611
SEQ6_MIDNIGHT_OLD_211214_JGJB	31	cf995fc2dde26525
SEQ6_MIDNIGHT_OLD_211214_JGJB	39	c778a84861b2d480
SEQ6_MIDNIGHT_OLD_211214_JGJB	47	435535483d1f66d3
SEQ6_MIDNIGHT_OLD_211214_JGJB	55	d35dd617fb106118
SEQ6_MIDNIGHT_OLD_211214_JGJB	63	8c44c0f7b613a12c
SEQ6_MIDNIGHT_OLD_211214_JGJB	71	c24ae02a862f3dc4
SEQ6_MIDNIGHT_OLD_211214_JGJB	79	a236e59f60a3d460
SEQ6_MIDNIGHT_OLD_211214_JGJB	87	Brazil-CCL81|P2-2D2
SEQ6_MIDNIGHT_OLD_211214_JGJB	95	B.1.1.529-CCL81
SEQ6_MIDNIGHT_OLD_211214_JGJB	08	9fbc7191a57ffc55
SEQ6_MIDNIGHT_OLD_211214_JGJB	16	af55853acb42221e
SEQ6_MIDNIGHT_OLD_211214_JGJB	24	5c5d17966a64ade5
SEQ6_MIDNIGHT_OLD_211214_JGJB	32	1ec4cd60faff94b4
SEQ6_MIDNIGHT_OLD_211214_JGJB	40	70e7ebef94f4a207
SEQ6_MIDNIGHT_OLD_211214_JGJB	48	4bf82aa2e826ef91
SEQ6_MIDNIGHT_OLD_211214_JGJB	56	9c2e29e0127005b5
SEQ6_MIDNIGHT_OLD_211214_JGJB	64	10ffd039117f5de7
SEQ6_MIDNIGHT_OLD_211214_JGJB	72	abe81334ef368de3
SEQ6_MIDNIGHT_OLD_211214_JGJB	80	330c72cbf477025a
SEQ6_MIDNIGHT_OLD_211214_JGJB	88	Brazil-P.2-CCL81|P2D2
SEQ6_MIDNIGHT_OLD_211214_JGJB	96	
SEQ6_MIDNIGHT_NEW_16DEC21	01	
SEQ6_MIDNIGHT_NEW_16DEC21	09	8a521f6f326937da
SEQ6_MIDNIGHT_NEW_16DEC21	17	393cbb07b1663dc0
SEQ6_MIDNIGHT_NEW_16DEC21	25	bba172ce7f083069
SEQ6_MIDNIGHT_NEW_16DEC21	33	7ef8f87a7cd602f4
SEQ6_MIDNIGHT_NEW_16DEC21	41	2ba34320e6a904c3
SEQ6_MIDNIGHT_NEW_16DEC21	49	0cfb753561f2dca3
SEQ6_MIDNIGHT_NEW_16DEC21	57	2609f287065e6221
SEQ6_MIDNIGHT_NEW_16DEC21	65	e5006092451e9e99
SEQ6_MIDNIGHT_NEW_16DEC21	73	72cbeb4f37a16375
SEQ6_MIDNIGHT_NEW_16DEC21	81	
SEQ6_MIDNIGHT_NEW_16DEC21	89	B.1.525-CCL81|P2D2
SEQ6_MIDNIGHT_NEW_16DEC21	02	
SEQ6_MIDNIGHT_NEW_16DEC21	10	182f63d231a3a1bf
SEQ6_MIDNIGHT_NEW_16DEC21	18	ecd348488356db1e
SEQ6_MIDNIGHT_NEW_16DEC21	26	cdc9e9479983953f
SEQ6_MIDNIGHT_NEW_16DEC21	34	f1c075c8bc61e36b
SEQ6_MIDNIGHT_NEW_16DEC21	42	a4734ca896248b17
SEQ6_MIDNIGHT_NEW_16DEC21	50	4b7c77df2ea779a7
SEQ6_MIDNIGHT_NEW_16DEC21	58	2fc51ca98a5ac03d
SEQ6_MIDNIGHT_NEW_16DEC21	66	ca0822ad84962515
SEQ6_MIDNIGHT_NEW_16DEC21	74	92b79c4cd36b026b
SEQ6_MIDNIGHT_NEW_16DEC21	82	Wuhan-CCL81
SEQ6_MIDNIGHT_NEW_16DEC21	90	Bristol-CCL81|P3D2
SEQ6_MIDNIGHT_NEW_16DEC21	03	3a2fd017b7137653
SEQ6_MIDNIGHT_NEW_16DEC21	11	396cb14054d9c0f3
SEQ6_MIDNIGHT_NEW_16DEC21	19	b6b69d6bdf2f74bb
SEQ6_MIDNIGHT_NEW_16DEC21	27	37d8057ed69a83e3
SEQ6_MIDNIGHT_NEW_16DEC21	35	a48539abdd0b42f1
SEQ6_MIDNIGHT_NEW_16DEC21	43	f5da5a14105d415b
SEQ6_MIDNIGHT_NEW_16DEC21	51	4ee340f4fa68c616
SEQ6_MIDNIGHT_NEW_16DEC21	59	009a3aaa7a0a56ad
SEQ6_MIDNIGHT_NEW_16DEC21	67	1f580fa0ae82d42a
SEQ6_MIDNIGHT_NEW_16DEC21	75	15cbf61c81896884
SEQ6_MIDNIGHT_NEW_16DEC21	83	Victoria-CCL81|P6D2
SEQ6_MIDNIGHT_NEW_16DEC21	91	B.1.214.2-CCL81|P3D2
SEQ6_MIDNIGHT_NEW_16DEC21	04	6119f06bede8b8be
SEQ6_MIDNIGHT_NEW_16DEC21	12	3c6259c0ffba4f04
SEQ6_MIDNIGHT_NEW_16DEC21	20	dc970558f1300f32
SEQ6_MIDNIGHT_NEW_16DEC21	28	ee3417c03a337034
SEQ6_MIDNIGHT_NEW_16DEC21	36	773db6a4564d5d7b
SEQ6_MIDNIGHT_NEW_16DEC21	44	d3debc0f30b75f50
SEQ6_MIDNIGHT_NEW_16DEC21	52	01aec1670f3364b6
SEQ6_MIDNIGHT_NEW_16DEC21	60	f6247b94e6dbbaee
SEQ6_MIDNIGHT_NEW_16DEC21	68	f76a17c6ceb299ee
SEQ6_MIDNIGHT_NEW_16DEC21	76	51ff9752d75817b6
SEQ6_MIDNIGHT_NEW_16DEC21	84	D6146-CCL81|P3D2
SEQ6_MIDNIGHT_NEW_16DEC21	92	B.1.617.2-A222V-CCL89|P3D2
SEQ6_MIDNIGHT_NEW_16DEC21	05	666b780c76d463e7
SEQ6_MIDNIGHT_NEW_16DEC21	13	e610375eb91980c3
SEQ6_MIDNIGHT_NEW_16DEC21	21	846b7fcd57b5a6e2
SEQ6_MIDNIGHT_NEW_16DEC21	29	b10bfaca6f60cbe8
SEQ6_MIDNIGHT_NEW_16DEC21	37	33ed61f32b15ab2b
SEQ6_MIDNIGHT_NEW_16DEC21	45	e0c044286c6bcef1
SEQ6_MIDNIGHT_NEW_16DEC21	53	bdda876a735fd280
SEQ6_MIDNIGHT_NEW_16DEC21	61	fcd834af2f53c140
SEQ6_MIDNIGHT_NEW_16DEC21	69	187e537ef843139a
SEQ6_MIDNIGHT_NEW_16DEC21	77	204f88d9ba2e3fe7
SEQ6_MIDNIGHT_NEW_16DEC21	85	Alpha-CCL81|P3D2
SEQ6_MIDNIGHT_NEW_16DEC21	93	NEG
SEQ6_MIDNIGHT_NEW_16DEC21	06	b86299406728ffc1
SEQ6_MIDNIGHT_NEW_16DEC21	14	66e85807a4680923
SEQ6_MIDNIGHT_NEW_16DEC21	22	cc60fcba20cea963
SEQ6_MIDNIGHT_NEW_16DEC21	30	4919994dd63a6db7
SEQ6_MIDNIGHT_NEW_16DEC21	38	fb080e620e8c1194
SEQ6_MIDNIGHT_NEW_16DEC21	46	2a509be37d45cc2b
SEQ6_MIDNIGHT_NEW_16DEC21	54	c31a88b38d640ffd
SEQ6_MIDNIGHT_NEW_16DEC21	62	398e6c0a5557e76d
SEQ6_MIDNIGHT_NEW_16DEC21	70	b5b2b08d6bee4b9c
SEQ6_MIDNIGHT_NEW_16DEC21	78	1f787f7b224c64ca
SEQ6_MIDNIGHT_NEW_16DEC21	86	Beta-CCL81|P4-2D2
SEQ6_MIDNIGHT_NEW_16DEC21	94	POS
SEQ6_MIDNIGHT_NEW_16DEC21	07	10263e540345bfbb
SEQ6_MIDNIGHT_NEW_16DEC21	15	1357aeecade5f126
SEQ6_MIDNIGHT_NEW_16DEC21	23	10d35ed880c92611
SEQ6_MIDNIGHT_NEW_16DEC21	31	cf995fc2dde26525
SEQ6_MIDNIGHT_NEW_16DEC21	39	c778a84861b2d480
SEQ6_MIDNIGHT_NEW_16DEC21	47	435535483d1f66d3
SEQ6_MIDNIGHT_NEW_16DEC21	55	d35dd617fb106118
SEQ6_MIDNIGHT_NEW_16DEC21	63	8c44c0f7b613a12c
SEQ6_MIDNIGHT_NEW_16DEC21	71	c24ae02a862f3dc4
SEQ6_MIDNIGHT_NEW_16DEC21	79	a236e59f60a3d460
SEQ6_MIDNIGHT_NEW_16DEC21	87	Brazil-CCL81|P2-2D2
SEQ6_MIDNIGHT_NEW_16DEC21	95	B.1.1.529-CCL81
SEQ6_MIDNIGHT_NEW_16DEC21	08	9fbc7191a57ffc55
SEQ6_MIDNIGHT_NEW_16DEC21	16	af55853acb42221e
SEQ6_MIDNIGHT_NEW_16DEC21	24	5c5d17966a64ade5
SEQ6_MIDNIGHT_NEW_16DEC21	32	1ec4cd60faff94b4
SEQ6_MIDNIGHT_NEW_16DEC21	40	70e7ebef94f4a207
SEQ6_MIDNIGHT_NEW_16DEC21	48	4bf82aa2e826ef91
SEQ6_MIDNIGHT_NEW_16DEC21	56	9c2e29e0127005b5
SEQ6_MIDNIGHT_NEW_16DEC21	64	10ffd039117f5de7
SEQ6_MIDNIGHT_NEW_16DEC21	72	abe81334ef368de3
SEQ6_MIDNIGHT_NEW_16DEC21	80	330c72cbf477025a
SEQ6_MIDNIGHT_NEW_16DEC21	88	Brazil-P.2-CCL81|P2D2
SEQ6_MIDNIGHT_NEW_16DEC21	96	
20211221_V4SEQ6_2_JB	01	NEG
20211221_V4SEQ6_2_JB	02	8a521f6f326937da
20211221_V4SEQ6_2_JB	03	393cbb07b1663dc0
20211221_V4SEQ6_2_JB	04	bba172ce7f083069
20211221_V4SEQ6_2_JB	05	7ef8f87a7cd602f4
20211221_V4SEQ6_2_JB	06	2ba34320e6a904c3
20211221_V4SEQ6_2_JB	07	0cfb753561f2dca3
20211221_V4SEQ6_2_JB	08	2609f287065e6221
20211221_V4SEQ6_2_JB	09	e5006092451e9e99
20211221_V4SEQ6_2_JB	10	72cbeb4f37a16375
20211221_V4SEQ6_2_JB	11	
20211221_V4SEQ6_2_JB	12	B.1.525-CCL81|P2D2
20211221_V4SEQ6_2_JB	13	
20211221_V4SEQ6_2_JB	14	182f63d231a3a1bf
20211221_V4SEQ6_2_JB	15	ecd348488356db1e
20211221_V4SEQ6_2_JB	16	cdc9e9479983953f
20211221_V4SEQ6_2_JB	17	f1c075c8bc61e36b
20211221_V4SEQ6_2_JB	18	a4734ca896248b17
20211221_V4SEQ6_2_JB	19	4b7c77df2ea779a7
20211221_V4SEQ6_2_JB	20	2fc51ca98a5ac03d
20211221_V4SEQ6_2_JB	21	ca0822ad84962515
20211221_V4SEQ6_2_JB	22	92b79c4cd36b026b
20211221_V4SEQ6_2_JB	23	Wuhan-CCL81
20211221_V4SEQ6_2_JB	24	Bristol-CCL81|P3D2
20211221_V4SEQ6_2_JB	25	3a2fd017b7137653
20211221_V4SEQ6_2_JB	26	396cb14054d9c0f3
20211221_V4SEQ6_2_JB	27	b6b69d6bdf2f74bb
20211221_V4SEQ6_2_JB	28	37d8057ed69a83e3
20211221_V4SEQ6_2_JB	29	a48539abdd0b42f1
20211221_V4SEQ6_2_JB	30	f5da5a14105d415b
20211221_V4SEQ6_2_JB	31	4ee340f4fa68c616
20211221_V4SEQ6_2_JB	32	009a3aaa7a0a56ad
20211221_V4SEQ6_2_JB	33	1f580fa0ae82d42a
20211221_V4SEQ6_2_JB	34	15cbf61c81896884
20211221_V4SEQ6_2_JB	35	Victoria-CCL81|P6D2
20211221_V4SEQ6_2_JB	36	B.1.214.2-CCL81|P3D2
20211221_V4SEQ6_2_JB	37	6119f06bede8b8be
20211221_V4SEQ6_2_JB	38	3c6259c0ffba4f04
20211221_V4SEQ6_2_JB	39	dc970558f1300f32
20211221_V4SEQ6_2_JB	40	ee3417c03a337034
20211221_V4SEQ6_2_JB	41	773db6a4564d5d7b
20211221_V4SEQ6_2_JB	42	d3debc0f30b75f50
20211221_V4SEQ6_2_JB	43	01aec1670f3364b6
20211221_V4SEQ6_2_JB	44	f6247b94e6dbbaee
20211221_V4SEQ6_2_JB	45	f76a17c6ceb299ee
20211221_V4SEQ6_2_JB	46	51ff9752d75817b6
20211221_V4SEQ6_2_JB	47	D6146-CCL81|P3D2
20211221_V4SEQ6_2_JB	48	B.1.617.2-A222V-CCL89|P3D2
20211221_V4SEQ6_2_JB	49	666b780c76d463e7
20211221_V4SEQ6_2_JB	50	e610375eb91980c3
20211221_V4SEQ6_2_JB	51	846b7fcd57b5a6e2
20211221_V4SEQ6_2_JB	52	b10bfaca6f60cbe8
20211221_V4SEQ6_2_JB	53	33ed61f32b15ab2b
20211221_V4SEQ6_2_JB	54	e0c044286c6bcef1
20211221_V4SEQ6_2_JB	55	bdda876a735fd280
20211221_V4SEQ6_2_JB	56	fcd834af2f53c140
20211221_V4SEQ6_2_JB	57	187e537ef843139a
20211221_V4SEQ6_2_JB	58	204f88d9ba2e3fe7
20211221_V4SEQ6_2_JB	59	Alpha-CCL81|P3D2
20211221_V4SEQ6_2_JB	60	NEG
20211221_V4SEQ6_2_JB	61	b86299406728ffc1
20211221_V4SEQ6_2_JB	62	66e85807a4680923
20211221_V4SEQ6_2_JB	63	cc60fcba20cea963
20211221_V4SEQ6_2_JB	64	4919994dd63a6db7
20211221_V4SEQ6_2_JB	65	fb080e620e8c1194
20211221_V4SEQ6_2_JB	66	2a509be37d45cc2b
20211221_V4SEQ6_2_JB	67	c31a88b38d640ffd
20211221_V4SEQ6_2_JB	68	398e6c0a5557e76d
20211221_V4SEQ6_2_JB	69	b5b2b08d6bee4b9c
20211221_V4SEQ6_2_JB	70	1f787f7b224c64ca
20211221_V4SEQ6_2_JB	71	Beta-CCL81|P4-2D2
20211221_V4SEQ6_2_JB	72	POS
20211221_V4SEQ6_2_JB	73	10263e540345bfbb
20211221_V4SEQ6_2_JB	74	1357aeecade5f126
20211221_V4SEQ6_2_JB	75	10d35ed880c92611
20211221_V4SEQ6_2_JB	76	cf995fc2dde26525
20211221_V4SEQ6_2_JB	77	c778a84861b2d480
20211221_V4SEQ6_2_JB	78	435535483d1f66d3
20211221_V4SEQ6_2_JB	79	d35dd617fb106118
20211221_V4SEQ6_2_JB	80	8c44c0f7b613a12c
20211221_V4SEQ6_2_JB	81	c24ae02a862f3dc4
20211221_V4SEQ6_2_JB	82	a236e59f60a3d460
20211221_V4SEQ6_2_JB	83	Brazil-CCL81|P2-2D2
20211221_V4SEQ6_2_JB	84	B.1.1.529-CCL81
20211221_V4SEQ6_2_JB	85	9fbc7191a57ffc55
20211221_V4SEQ6_2_JB	86	af55853acb42221e
20211221_V4SEQ6_2_JB	87	5c5d17966a64ade5
20211221_V4SEQ6_2_JB	88	1ec4cd60faff94b4
20211221_V4SEQ6_2_JB	89	70e7ebef94f4a207
20211221_V4SEQ6_2_JB	90	4bf82aa2e826ef91
20211221_V4SEQ6_2_JB	91	9c2e29e0127005b5
20211221_V4SEQ6_2_JB	92	10ffd039117f5de7
20211221_V4SEQ6_2_JB	93	abe81334ef368de3
20211221_V4SEQ6_2_JB	94	330c72cbf477025a
20211221_V4SEQ6_2_JB	95	Brazil-P.2-CCL81|P2D2
20211221_V4SEQ6_2_JB	96	PC2
20211221_V4_1_SEQ6_2_JB	01	NEG
20211221_V4_1_SEQ6_2_JB	02	8a521f6f326937da
20211221_V4_1_SEQ6_2_JB	03	393cbb07b1663dc0
20211221_V4_1_SEQ6_2_JB	04	bba172ce7f083069
20211221_V4_1_SEQ6_2_JB	05	7ef8f87a7cd602f4
20211221_V4_1_SEQ6_2_JB	06	2ba34320e6a904c3
20211221_V4_1_SEQ6_2_JB	07	0cfb753561f2dca3
20211221_V4_1_SEQ6_2_JB	08	2609f287065e6221
20211221_V4_1_SEQ6_2_JB	09	e5006092451e9e99
20211221_V4_1_SEQ6_2_JB	10	72cbeb4f37a16375
20211221_V4_1_SEQ6_2_JB	11	
20211221_V4_1_SEQ6_2_JB	12	B.1.525-CCL81|P2D2
20211221_V4_1_SEQ6_2_JB	13	
20211221_V4_1_SEQ6_2_JB	14	182f63d231a3a1bf
20211221_V4_1_SEQ6_2_JB	15	ecd348488356db1e
20211221_V4_1_SEQ6_2_JB	16	cdc9e9479983953f
20211221_V4_1_SEQ6_2_JB	17	f1c075c8bc61e36b
20211221_V4_1_SEQ6_2_JB	18	a4734ca896248b17
20211221_V4_1_SEQ6_2_JB	19	4b7c77df2ea779a7
20211221_V4_1_SEQ6_2_JB	20	2fc51ca98a5ac03d
20211221_V4_1_SEQ6_2_JB	21	ca0822ad84962515
20211221_V4_1_SEQ6_2_JB	22	92b79c4cd36b026b
20211221_V4_1_SEQ6_2_JB	23	Wuhan-CCL81
20211221_V4_1_SEQ6_2_JB	24	Bristol-CCL81|P3D2
20211221_V4_1_SEQ6_2_JB	25	3a2fd017b7137653
20211221_V4_1_SEQ6_2_JB	26	396cb14054d9c0f3
20211221_V4_1_SEQ6_2_JB	27	b6b69d6bdf2f74bb
20211221_V4_1_SEQ6_2_JB	28	37d8057ed69a83e3
20211221_V4_1_SEQ6_2_JB	29	a48539abdd0b42f1
20211221_V4_1_SEQ6_2_JB	30	f5da5a14105d415b
20211221_V4_1_SEQ6_2_JB	31	4ee340f4fa68c616
20211221_V4_1_SEQ6_2_JB	32	009a3aaa7a0a56ad
20211221_V4_1_SEQ6_2_JB	33	1f580fa0ae82d42a
20211221_V4_1_SEQ6_2_JB	34	15cbf61c81896884
20211221_V4_1_SEQ6_2_JB	35	Victoria-CCL81|P6D2
20211221_V4_1_SEQ6_2_JB	36	B.1.214.2-CCL81|P3D2
20211221_V4_1_SEQ6_2_JB	37	6119f06bede8b8be
20211221_V4_1_SEQ6_2_JB	38	3c6259c0ffba4f04
20211221_V4_1_SEQ6_2_JB	39	dc970558f1300f32
20211221_V4_1_SEQ6_2_JB	40	ee3417c03a337034
20211221_V4_1_SEQ6_2_JB	41	773db6a4564d5d7b
20211221_V4_1_SEQ6_2_JB	42	d3debc0f30b75f50
20211221_V4_1_SEQ6_2_JB	43	01aec1670f3364b6
20211221_V4_1_SEQ6_2_JB	44	f6247b94e6dbbaee
20211221_V4_1_SEQ6_2_JB	45	f76a17c6ceb299ee
20211221_V4_1_SEQ6_2_JB	46	51ff9752d75817b6
20211221_V4_1_SEQ6_2_JB	47	D6146-CCL81|P3D2
20211221_V4_1_SEQ6_2_JB	48	B.1.617.2-A222V-CCL89|P3D2
20211221_V4_1_SEQ6_2_JB	49	666b780c76d463e7
20211221_V4_1_SEQ6_2_JB	50	e610375eb91980c3
20211221_V4_1_SEQ6_2_JB	51	846b7fcd57b5a6e2
20211221_V4_1_SEQ6_2_JB	52	b10bfaca6f60cbe8
20211221_V4_1_SEQ6_2_JB	53	33ed61f32b15ab2b
20211221_V4_1_SEQ6_2_JB	54	e0c044286c6bcef1
20211221_V4_1_SEQ6_2_JB	55	bdda876a735fd280
20211221_V4_1_SEQ6_2_JB	56	fcd834af2f53c140
20211221_V4_1_SEQ6_2_JB	57	187e537ef843139a
20211221_V4_1_SEQ6_2_JB	58	204f88d9ba2e3fe7
20211221_V4_1_SEQ6_2_JB	59	Alpha-CCL81|P3D2
20211221_V4_1_SEQ6_2_JB	60	NEG
20211221_V4_1_SEQ6_2_JB	61	b86299406728ffc1
20211221_V4_1_SEQ6_2_JB	62	66e85807a4680923
20211221_V4_1_SEQ6_2_JB	63	cc60fcba20cea963
20211221_V4_1_SEQ6_2_JB	64	4919994dd63a6db7
20211221_V4_1_SEQ6_2_JB	65	fb080e620e8c1194
20211221_V4_1_SEQ6_2_JB	66	2a509be37d45cc2b
20211221_V4_1_SEQ6_2_JB	67	c31a88b38d640ffd
20211221_V4_1_SEQ6_2_JB	68	398e6c0a5557e76d
20211221_V4_1_SEQ6_2_JB	69	b5b2b08d6bee4b9c
20211221_V4_1_SEQ6_2_JB	70	1f787f7b224c64ca
20211221_V4_1_SEQ6_2_JB	71	Beta-CCL81|P4-2D2
20211221_V4_1_SEQ6_2_JB	72	POS
20211221_V4_1_SEQ6_2_JB	73	10263e540345bfbb
20211221_V4_1_SEQ6_2_JB	74	1357aeecade5f126
20211221_V4_1_SEQ6_2_JB	75	10d35ed880c92611
20211221_V4_1_SEQ6_2_JB	76	cf995fc2dde26525
20211221_V4_1_SEQ6_2_JB	77	c778a84861b2d480
20211221_V4_1_SEQ6_2_JB	78	435535483d1f66d3
20211221_V4_1_SEQ6_2_JB	79	d35dd617fb106118
20211221_V4_1_SEQ6_2_JB	80	8c44c0f7b613a12c
20211221_V4_1_SEQ6_2_JB	81	c24ae02a862f3dc4
20211221_V4_1_SEQ6_2_JB	82	a236e59f60a3d460
20211221_V4_1_SEQ6_2_JB	83	Brazil-CCL81|P2-2D2
20211221_V4_1_SEQ6_2_JB	84	B.1.1.529-CCL81
20211221_V4_1_SEQ6_2_JB	85	9fbc7191a57ffc55
20211221_V4_1_SEQ6_2_JB	86	af55853acb42221e
20211221_V4_1_SEQ6_2_JB	87	5c5d17966a64ade5
20211221_V4_1_SEQ6_2_JB	88	1ec4cd60faff94b4
20211221_V4_1_SEQ6_2_JB	89	70e7ebef94f4a207
20211221_V4_1_SEQ6_2_JB	90	4bf82aa2e826ef91
20211221_V4_1_SEQ6_2_JB	91	9c2e29e0127005b5
20211221_V4_1_SEQ6_2_JB	92	10ffd039117f5de7
20211221_V4_1_SEQ6_2_JB	93	abe81334ef368de3
20211221_V4_1_SEQ6_2_JB	94	330c72cbf477025a
20211221_V4_1_SEQ6_2_JB	95	Brazil-P.2-CCL81|P2D2
20211221_V4_1_SEQ6_2_JB	96	PC2
